Filename, Position Reference Alternate, Depth Score, Score
hcdepaoli-1-JGI-009863-col1_S112.vcf,"",100.0, 1
hcdepaoli-1-JGI-009863-col2_S113.vcf,"",100.0, 1
hcdepaoli-1-JGI-009863-col3_S114.vcf,"1555 C T
2518 T C",100.0, 2
hcdepaoli-1-JGI-009863-col4_S115.vcf,"",100.0, 1
hcdepaoli-1-JGI-009897-col1_S104.vcf,"",100.0, 1
hcdepaoli-1-JGI-009897-col2_S105.vcf,"2519 G T",100.0, 2
hcdepaoli-1-JGI-009897-col3_S106.vcf,"",100.0, 1
hcdepaoli-1-JGI-009897-col4_S107.vcf,"",100.0, 1
hcdepaoli-1-JGI-009899-col1_S120.vcf,"621 T C
644 A G
656 C T
712 A G",100.0, 2
hcdepaoli-1-JGI-009899-col2_S121.vcf,"621 T C
644 A G
656 C T
712 A G",100.0, 2
hcdepaoli-1-JGI-009899-col3_S122.vcf,"621 T C
644 A G
656 C T
730 T A",80.33775633293125, 3
hcdepaoli-1-JGI-009899-col4_S123.vcf,"730 T A",100.0, 2
hcdepaoli-1-JGI-009933-col1_S100.vcf,"1201 G T",100.0, 2
